Name,type,images,ratings,about,Best Time,No of votes,state,map
1. Manali,hill station,https://www.holidify.com/images/bgImages/MANALI.jpg,4.5,"One of the most popular hill stations in Himachal, Manali offers the most magnificent views of the Pir Panjal and the Dhauladhar ranges covered with snow for most parts of the ye",October to June,466, Himachal Pradesh  India,"<iframe src=""https://www.google.com/maps/embed?pb=!1m18!1m12!1m3!1d26997.532381773144!2d77.16961019388917!3d32.23947084279168!2m3!1f0!2f0!3f0!3m2!1i1024!2i768!4f13.1!3m3!1m2!1s0x39048708163fd03f%3A0x8129a80ebe5076cd!2sManali%2C%20Himachal%20Pradesh!5e0!3m2!1sen!2sin!4v1641216243466!5m2!1sen!2sin"" width=""600"" height=""450"" style=""border:0;"" allowfullscreen="""" loading=""lazy""></iframe>"
2. Leh Ladakh,temple,https://www.holidify.com/images/bgImages/LADAKH.jpg,4.6,"Ladakh is a union territory in the Kashmir region of India. Formerly falling in the state of Jammu & Kashmir, Ladakh was administered a union territory on 31st October 2019. Extending from the Siachen Glacier to the main Great Himalayas, Ladakh is a land like no other. Dominated by dramatic land...",Jun to Sep,139, Union Territory  India,"<iframe src=""https://www.google.com/maps/embed?pb=!1m18!1m12!1m3!1d105639.10349000509!2d77.49669807793032!3d34.166241757612056!2m3!1f0!2f0!3f0!3m2!1i1024!2i768!4f13.1!3m3!1m2!1s0x38fdeb21445fed85%3A0xd1bb09975086f710!2sLeh!5e0!3m2!1sen!2sin!4v1641228422948!5m2!1sen!2sin"" width=""600"" height=""450"" style=""border:0;"" allowfullscreen="""" loading=""lazy""></iframe>"
3. Coorg,"hill station , waterfall",https://www.holidify.com/images/bgImages/COORG.jpg,4.2,"Located amidst imposing mountains in Karnataka with a perpetually misty landscape, Coorg is a popular coffee producing hill station. It is popular for its beautiful green hills and the streams cutting right through them. It also stands as a popular destination because of its culture and people...",October to March,432, Karnataka  India,"<iframe src=""https://www.google.com/maps/embed?pb=!1m18!1m12!1m3!1d31170.19537243385!2d75.71736027118705!3d12.431427487550886!2m3!1f0!2f0!3f0!3m2!1i1024!2i768!4f13.1!3m3!1m2!1s0x3ba50075627a7fff%3A0xaf8a66ea4651c1a6!2sMadikeri%2C%20Karnataka%20571201!5e0!3m2!1sen!2sin!4v1641228520623!5m2!1sen!2sin"" width=""600"" height=""450"" style=""border:0;"" allowfullscreen="""" loading=""lazy""></iframe>"
4. Andaman,"island , beach",https://www.holidify.com/images/bgImages/ANDAMAN-NICOBAR-ISLANDS.jpg,4.5,"Replete with turquoise blue water beaches and a bit of history, Andaman & Nicobar Islands is a little slice of paradise tucked around 1,400 km away from the east coast of mainland India. Port Blair, the capital of this union territory, has a major airport and seaport connected with the rest of t...",October to Jun,135, Union Territory  India,"<iframe src=""https://www.google.com/maps/embed?pb=!1m18!1m12!1m3!1d4020905.2920951354!2d91.00582723125012!3d10.207809888117476!2m3!1f0!2f0!3f0!3m2!1i1024!2i768!4f13.1!3m3!1m2!1s0x3064a00f2b650ff3%3A0xce80055648fccb2c!2sAndaman%20and%20Nicobar%20Islands!5e0!3m2!1sen!2sin!4v1641228547485!5m2!1sen!2sin"" width=""600"" height=""450"" style=""border:0;"" allowfullscreen="""" loading=""lazy""></iframe>"
5. Lakshadweep,"island , beach",https://www.holidify.com/images/bgImages/LAKSHADWEEP-ISLANDS.jpg,4,"Formerly known as Laccadive Islands, Lakshadweep translates to 'one hundred thousand islands' in Malayalam. Home to a few of the most beautiful and exotic islands and beaches of India, Lakshadweep lies 400km off the southwest coast of the Arabian Sea. The smallest union territory of India has&n..",September to May,34, Union Territory  India,"<iframe src=""https://www.google.com/maps/embed?pb=!1m18!1m12!1m3!1d4019476.361155808!2d70.54012096308199!3d10.320273093314078!2m3!1f0!2f0!3f0!3m2!1i1024!2i768!4f13.1!3m3!1m2!1s0x3b9fcd65cae4973d%3A0x17bd7416842ce9aa!2sLakshadweep!5e0!3m2!1sen!2sin!4v1641228616421!5m2!1sen!2sin"" width=""600"" height=""450"" style=""border:0;"" allowfullscreen="""" loading=""lazy""></iframe>"
6. Goa,beach,https://www.holidify.com/images/bgImages/GOA.jpg,4.5,"Lying on the western coast, Goa is India's smallest state and unlike any other, known for its endless beaches, stellar nightlife, eclectic seafood, world-heritage listed architecture. Spread across just 3,702 km, Goa lies in the Konkan region. It is a far cry from the hippie haven or ",October to March,601, India,"<iframe src=""https://www.google.com/maps/embed?pb=!1m18!1m12!1m3!1d492485.53498731594!2d73.73211268567826!3d15.347038036972004!2m3!1f0!2f0!3f0!3m2!1i1024!2i768!4f13.1!3m3!1m2!1s0x3bbfba106336b741%3A0xeaf887ff62f34092!2sGoa!5e0!3m2!1sen!2sin!4v1641228582195!5m2!1sen!2sin"" width=""600"" height=""450"" style=""border:0;"" allowfullscreen="""" loading=""lazy""></iframe>"
7. Udaipur,lake,https://www.holidify.com/images/bgImages/UDAIPUR.jpg,4.3,"Udaipur, also known as the City of Lakes, is a popular tourist destination state of Rajasthan. It is surrounded by the beautiful Aravalli Hills in all directions, this 'Venice of the East has mesmerising temples and breathtaking Mewar architecture in the backdrop of lakes which makes it a must-visit...",October to March,263, Rajasthan  India,"<iframe src=""https://www.google.com/maps/embed?pb=!1m18!1m12!1m3!1d116078.30777058745!2d73.63701809524045!3d24.608269992520036!2m3!1f0!2f0!3f0!3m2!1i1024!2i768!4f13.1!3m3!1m2!1s0x3967e56550a14411%3A0xdbd8c28455b868b0!2sUdaipur%2C%20Rajasthan!5e0!3m2!1sen!2sin!4v1641228648536!5m2!1sen!2sin"" width=""600"" height=""450"" style=""border:0;"" allowfullscreen="""" loading=""lazy""></iframe>"
8. Srinagar,"waterfall , park",https://www.holidify.com/images/bgImages/SRINAGAR.jpg,4.5,"Famously known as 'Heaven on Earth, Srinagar is located in the union territory of Jammu & Kashmir, on the banks of river Jhelum. Srinagar is known for the stationary houseboats and gondola-type rowboats- Shikararas on Dal La",April to October,126, Jammu & Kashmir  India,"<iframe src=""https://www.google.com/maps/embed?pb=!1m18!1m12!1m3!1d211427.2692902134!2d74.66667033412618!3d34.106638991108696!2m3!1f0!2f0!3f0!3m2!1i1024!2i768!4f13.1!3m3!1m2!1s0x38e1855686e3c5ef%3A0x66244b7cc1e305c6!2sSrinagar!5e0!3m2!1sen!2sin!4v1641228681342!5m2!1sen!2sin"" width=""600"" height=""450"" style=""border:0;"" allowfullscreen="""" loading=""lazy""></iframe>"
9. Gangtok,temple,https://www.holidify.com/images/bgImages/GANGTOK.jpg,4.4,"Incredibly alluring, pleasantly boisterous and wreathed in clouds - Gangtok, the capital of Sikkim, is one of the most popular hill stations in India. Lying at the height of 1650 m above sea level, the town during its bright sunny days offers spectacular views of Mt. Kanchenjunga. Gangtok is a base ...",Throughout the year,267, Sikkim  India,"<iframe src=""https://www.google.com/maps/embed?pb=!1m18!1m12!1m3!1d56706.21951108942!2d88.58545556655532!3d27.340131333881153!2m3!1f0!2f0!3f0!3m2!1i1024!2i768!4f13.1!3m3!1m2!1s0x39e6a56a5805eafb%3A0x73d6132c501c8f20!2sGangtok%2C%20Sikkim!5e0!3m2!1sen!2sin!4v1641228711366!5m2!1sen!2sin"" width=""600"" height=""450"" style=""border:0;"" allowfullscreen="""" loading=""lazy""></iframe>"
10. Munnar,hill station,https://www.holidify.com/images/bgImages/MUNNAR.jpg,4.5,"Popular among honeymooners, Munnar is a hill station in the state of Kerala. Located in the Western Ghats at a height of 1600 metres, Munnar is famous for its tea estates, greenery, blankets of mist forming natural-view points.",September to May,506, Kerala  India,"<iframe src=""https://www.google.com/maps/embed?pb=!1m18!1m12!1m3!1d31425.7992658797!2d77.04666826979549!3d10.08064908892932!2m3!1f0!2f0!3f0!3m2!1i1024!2i768!4f13.1!3m3!1m2!1s0x3b0799794d099a6d%3A0x63250e5553c7e0c!2sMunnar%2C%20Kerala%20685612!5e0!3m2!1sen!2sin!4v1641228742860!5m2!1sen!2sin"" width=""600"" height=""450"" style=""border:0;"" allowfullscreen="""" loading=""lazy""></iframe>"
11. Varkala,beach,https://www.holidify.com/images/bgImages/VARKALA.jpg,4.5,"Varkala is a coastal town in the southern part of Kerala known for the unique 15m high 'Northern Cliff' adjacent to the Arabian Sea. It is popular for its hippie culture, shacks on the cliff serving great seafood and playing global music and the samadhi of Kerala's saint Sree Narayana Guru.",Throughout the year,137, Kerala  India,"<iframe src=""https://www.google.com/maps/embed?pb=!1m18!1m12!1m3!1d63095.268540414574!2d76.68246299639908!3d8.743255142106547!2m3!1f0!2f0!3f0!3m2!1i1024!2i768!4f13.1!3m3!1m2!1s0x3b05ef26d90220fb%3A0xa3ec40c67d4dd020!2sVarkala%2C%20Kerala!5e0!3m2!1sen!2sin!4v1641228771766!5m2!1sen!2sin"" width=""600"" height=""450"" style=""border:0;"" allowfullscreen="""" loading=""lazy""></iframe>"
12. Mcleodganj,hill station,https://www.holidify.com/images/bgImages/MCLEODGANJ.jpg,4.4,"Mcleodganj is a hill station near Dharamshala, popular among trekkers. Located in Kangra district, Mcleodganj's culture is a beautiful blend of Tibetan with some British influence.",October to June,298, Himachal Pradesh  India,"<iframe src=""https://www.google.com/maps/embed?pb=!1m18!1m12!1m3!1d26995.88364156446!2d76.29807459389812!3d32.2450183426801!2m3!1f0!2f0!3f0!3m2!1i1024!2i768!4f13.1!3m3!1m2!1s0x391b56d4e3d36d19%3A0xa3e8725f0584be76!2sMcLeod%20Ganj%2C%20Dharamshala%2C%20Himachal%20Pradesh!5e0!3m2!1sen!2sin!4v1641228815006!5m2!1sen!2sin"" width=""600"" height=""450"" style=""border:0;"" allowfullscreen="""" loading=""lazy""></iframe>"
13. Rishikesh,temple,https://www.holidify.com/images/bgImages/RISHIKESH.jpg,4.3,"Located in the foothills of the Himalayas along the convergence of Ganga and Chandrabhaga River, Rishikesh is a small town in the Dehradun district, located close to Haridwar in Uttarakhand. Rishikesh (also called as Hrishikesh) is known for its adventure activities, ancient temples, popular ca..",Throughout the year,239, Uttarakhand  India,"<iframe src=""https://www.google.com/maps/embed?pb=!1m18!1m12!1m3!1d110471.29121008763!2d78.20056852030824!3d30.087660180173067!2m3!1f0!2f0!3f0!3m2!1i1024!2i768!4f13.1!3m3!1m2!1s0x39093e67cf93f111%3A0xcc78804a6f941bfe!2sRishikesh%2C%20Uttarakhand!5e0!3m2!1sen!2sin!4v1641228840806!5m2!1sen!2sin"" width=""600"" height=""450"" style=""border:0;"" allowfullscreen="""" loading=""lazy""></iframe>"
14. Alleppey,beach,https://www.holidify.com/images/bgImages/ALLEPPEY.jpg,4.5,"Officially called Alappuzha, Alleppey is the picture-perfect place known for its beautiful backwaters and the houseboats offering overnight stays. The coastline of Alleppey offers some of the best beaches in Kerala with water sports during the dry season.",June to March,248, Kerala  India,"<iframe src=""https://www.google.com/maps/embed?pb=!1m18!1m12!1m3!1d125922.83285133747!2d76.27206532516199!3d9.501029730457157!2m3!1f0!2f0!3f0!3m2!1i1024!2i768!4f13.1!3m3!1m2!1s0x3b0884f1aa296b61%3A0xb84764552c41f85a!2sAlappuzha%2C%20Kerala!5e0!3m2!1sen!2sin!4v1641228870373!5m2!1sen!2sin"" width=""600"" height=""450"" style=""border:0;"" allowfullscreen="""" loading=""lazy""></iframe>"
15. Darjeeling,hill station,https://www.holidify.com/images/bgImages/DARJEELING.jpg,4.3,"The previous summer capital of India under the British Raj, Darjeeling has come off age as one of the most sought after hill stations in India. Located in West Bengal, this scenic hill station is the perfect getaway for a romantic honeymoon. Nestled amidst acres of tea plantations, Darjeeling stands...","February to March, September to December",280, West Bengal  India,"<iframe src=""https://www.google.com/maps/embed?pb=!1m18!1m12!1m3!1d56862.4684168643!2d88.22965551484117!3d27.033190567276762!2m3!1f0!2f0!3f0!3m2!1i1024!2i768!4f13.1!3m3!1m2!1s0x39e42e654cf501bb%3A0x4175555979d4702a!2sDarjeeling%2C%20West%20Bengal!5e0!3m2!1sen!2sin!4v1641228918400!5m2!1sen!2sin"" width=""600"" height=""450"" style=""border:0;"" allowfullscreen="""" loading=""lazy""></iframe>"
16. Nainital,lake,https://www.holidify.com/images/bgImages/NAINITAL.jpg,4.3,"Nainital is a charming hill station located at the foothills of the Kumaon ranges in Uttarakhand. Located close to Dehradun and Delhi, it is the most visited hill station in North India. Nainital is a perfect weekend getaway from Delhi and the nearby place",Throughout the year,235, Uttarakhand  India,"<iframe src=""https://www.google.com/maps/embed?pb=!1m18!1m12!1m3!1d27812.677027107147!2d79.43776113945643!3d29.382449056173346!2m3!1f0!2f0!3f0!3m2!1i1024!2i768!4f13.1!3m3!1m2!1s0x39a0a1bc28fd9d61%3A0x7cae7ba916987db3!2sNainital%2C%20Uttarakhand!5e0!3m2!1sen!2sin!4v1641228951330!5m2!1sen!2sin"" width=""600"" height=""450"" style=""border:0;"" allowfullscreen="""" loading=""lazy""></iframe>"
17. Shimla,hill station,https://www.holidify.com/images/bgImages/SHIMLA.jpg,4.2,"Shimla is the capital of Himachal Pradesh and a popular hill-station among Indian families and honeymooners. Situated at the height of 2200m, Shimla was the summer capital of British India. Shimla still retains its old-world charm with beautiful colonial architecture, pedestrian-friendly Mall R..",October to June,382, Himachal Pradesh  India,"<iframe src=""https://www.google.com/maps/embed?pb=!1m18!1m12!1m3!1d109348.2867834206!2d77.08898104533313!3d31.078200473270844!2m3!1f0!2f0!3f0!3m2!1i1024!2i768!4f13.1!3m3!1m2!1s0x390578e3e35d6e67%3A0x1f7e7ff6ff9f54b7!2sShimla%2C%20Himachal%20Pradesh!5e0!3m2!1sen!2sin!4v1641228980622!5m2!1sen!2sin"" width=""600"" height=""450"" style=""border:0;"" allowfullscreen="""" loading=""lazy""></iframe>"
18. Ooty,hill station,https://www.holidify.com/images/bgImages/OOTY.jpg,4.2,"Nestled amidst Nilgiri hills, Ooty, also known as Udagamandalam, is a hill station in Tamil Nadu which serves as a top-rated tourist destination. Once regarded as the summer headquarters of the East India Company, the Queen of the hills is a picturesque getaway.",Throughout the year,517, Tamil Nadu  India,"<iframe src=""https://www.google.com/maps/embed?pb=!1m18!1m12!1m3!1d62575.051161588744!2d76.65840200211633!3d11.411850524340798!2m3!1f0!2f0!3f0!3m2!1i1024!2i768!4f13.1!3m3!1m2!1s0x3ba8bd84b5f3d78d%3A0x179bdb14c93e3f42!2sOoty%2C%20Tamil%20Nadu!5e0!3m2!1sen!2sin!4v1641229018010!5m2!1sen!2sin"" width=""600"" height=""450"" style=""border:0;"" allowfullscreen="""" loading=""lazy""></iframe>"
19. Jaipur,"historical , fort",https://www.holidify.com/images/bgImages/JAIPUR.jpg,4.4,"Also called the Pink City, Jaipur is the capital of the royal state of Rajasthan. Along with Delhi and Agra, Jaipur forms the Golden Triangle and hails as one of the most famous tourist circuits in the country.",October to March,287, Rajasthan  India,"<iframe src=""https://www.google.com/maps/embed?pb=!1m18!1m12!1m3!1d227748.99973450298!2d75.65047228361074!3d26.88514167956319!2m3!1f0!2f0!3f0!3m2!1i1024!2i768!4f13.1!3m3!1m2!1s0x396c4adf4c57e281%3A0xce1c63a0cf22e09!2sJaipur%2C%20Rajasthan!5e0!3m2!1sen!2sin!4v1641229041534!5m2!1sen!2sin"" width=""600"" height=""450"" style=""border:0;"" allowfullscreen="""" loading=""lazy""></iframe>"
20. Lonavala,hill station,https://www.holidify.com/images/bgImages/LONAVALA.jpg,4.1,"Situated in the Sahyadri range of the Western Ghats close to Pune and Mumbai, Lonavala is the most visited hill station in Maharashtra and the place to be during monsoons. With lots of waterfalls, lakes and hills around, it is a popular destination for camping, trekking and othe",Throughout the year,216, Maharashtra  India,"<iframe src=""https://www.google.com/maps/embed?pb=!1m18!1m12!1m3!1d120893.26608826064!2d73.34168238767816!3d18.757352815091803!2m3!1f0!2f0!3f0!3m2!1i1024!2i768!4f13.1!3m3!1m2!1s0x3be801098bdf8145%3A0x696b4a60a5e28658!2sLonavla%2C%20Maharashtra!5e0!3m2!1sen!2sin!4v1641229068216!5m2!1sen!2sin"" width=""600"" height=""450"" style=""border:0;"" allowfullscreen="""" loading=""lazy""></iframe>"
21. Mussoorie,hill station,https://www.holidify.com/images/bgImages/MUSSOORIE.jpg,4.1,"Mussoorie is one of the most popular hill stations located at a distance of 290 km from Delhi in the Dehradun district of Uttarakhand. With a backdrop of the Shivalik range of Himalayas and doon valley, Mussoorie, also known as Queen of The Hills, stands at an altitude of 7000 feet above sea level. ...",September to June,195, Uttarakhand  India,"<iframe src=""https://www.google.com/maps/embed?pb=!1m18!1m12!1m3!1d55029.489610744255!2d78.0414205849452!3d30.45471862398687!2m3!1f0!2f0!3f0!3m2!1i1024!2i768!4f13.1!3m3!1m2!1s0x3908d0cfa61cda5b%3A0x197fd47d980e85b1!2sMussoorie%2C%20Uttarakhand!5e0!3m2!1sen!2sin!4v1641229105878!5m2!1sen!2sin"" width=""600"" height=""450"" style=""border:0;"" allowfullscreen="""" loading=""lazy""></iframe>"
22. Kodaikanal,hill station,https://www.holidify.com/images/bgImages/KODAIKANAL.jpg,4.4,"Located in the state of Tamil Nadu, Kodaikanal is one of the most famous honeymoon destinations in India. A Lakeside resort town of Tamil Nadu, Kodaikanal has a beautiful climate, mist-covered manicured cliffs and waterfall that come together to create the ideal setting for a perfect getaway. Kodaik...",September to May,295, Tamil Nadu  India,"<iframe src=""https://www.google.com/maps/embed?pb=!1m18!1m12!1m3!1d62821.23983257677!2d77.46185239941079!3d10.235149278617813!2m3!1f0!2f0!3f0!3m2!1i1024!2i768!4f13.1!3m3!1m2!1s0x3b0766637f0a0387%3A0x9ffae9373758c13c!2sKodaikanal%2C%20Tamil%20Nadu!5e0!3m2!1sen!2sin!4v1641229133280!5m2!1sen!2sin"" width=""600"" height=""450"" style=""border:0;"" allowfullscreen="""" loading=""lazy""></iframe>"
23. Dalhousie,mountains,https://www.holidify.com/images/bgImages/DALHOUSIE.jpg,4.2,"Dalhousie, a popular hill station in Himachal Pradesh is situated at a height of 1,970 metres above sea level. Boasting views of the snow-capped peaks of Dhauladhar ranges, Dalhousie is famous for its meadows, dense jungles and waterfalls. Established in 1854, it was named after",Throughout the year,128, Himachal Pradesh  India,"<iframe src=""https://www.google.com/maps/embed?pb=!1m18!1m12!1m3!1d53815.52763199856!2d75.93857754825392!3d32.54028674714488!2m3!1f0!2f0!3f0!3m2!1i1024!2i768!4f13.1!3m3!1m2!1s0x391c9138637f1ae1%3A0xbac8f1954c198c20!2sDalhousie%2C%20Himachal%20Pradesh!5e0!3m2!1sen!2sin!4v1641229164213!5m2!1sen!2sin"" width=""600"" height=""450"" style=""border:0;"" allowfullscreen="""" loading=""lazy""></iframe>"
24. Pachmarhi,"hill station , waterfall",https://www.holidify.com/images/bgImages/PACHMARHI.jpg,4.4,"Pachmarhi is the only hill station and is the highest point in Madhya Pradesh. Pachmarhi is also often known as""Satpura ki Rani"" or the ""Queen of the Satpura Range"". Situated at an altitude of 1,067 metres, the picturesque town is a part of UNESCO Biosphere Reserve, home to leopards .",Throughout the year,95, Madhya Pradesh  India,"<iframe src=""https://www.google.com/maps/embed?pb=!1m18!1m12!1m3!1d29496.007545943685!2d78.41096863029912!3d22.466598855180443!2m3!1f0!2f0!3f0!3m2!1i1024!2i768!4f13.1!3m3!1m2!1s0x397e3a348b5f3e9d%3A0xf4322966c8376db6!2sPachmarhi%2C%20Madhya%20Pradesh%20461881!5e0!3m2!1sen!2sin!4v1641229204203!5m2!1sen!2sin"" width=""600"" height=""450"" style=""border:0;"" allowfullscreen="""" loading=""lazy""></iframe>"
25. Varanasi,temple,https://www.holidify.com/images/bgImages/VARANASI.jpg,4.4,"World's oldest living city, Varanasi - also known as Kashi (City of Life) and Benaras, is the spiritual capital of India. It is one of Hinduism's seven holy cities. The old city of Varanasi lies along the western banks of the Ganges, spread across a labyrinth of narrow galis. Be",October to March,165, Uttar Pradesh  India,"<iframe src=""https://www.google.com/maps/embed?pb=!1m18!1m12!1m3!1d115408.23982810129!2d82.92106861019738!3d25.320746099847305!2m3!1f0!2f0!3f0!3m2!1i1024!2i768!4f13.1!3m3!1m2!1s0x398e2db76febcf4d%3A0x68131710853ff0b5!2sVaranasi%2C%20Uttar%20Pradesh!5e0!3m2!1sen!2sin!4v1641229238655!5m2!1sen!2sin"" width=""600"" height=""450"" style=""border:0;"" allowfullscreen="""" loading=""lazy""></iframe>"
26. Mumbai,"beach , temple",https://www.holidify.com/images/bgImages/MUMBAI.jpg,4.2,"Mumbai, the capital city of the Indian state of Maharashtra, is a spectacular paradox of chaos and hope, glamour and squalor, modernity and tradition. Famously known as the City of Dreams, Mumbai – formerly known as Bombay - Mumbai is a beautifully blended melting pot of cultures and lifestyle",October to February,302, Maharashtra  India,"<iframe src=""https://www.google.com/maps/embed?pb=!1m18!1m12!1m3!1d241317.11609823277!2d72.74109995709657!3d19.08219783958221!2m3!1f0!2f0!3f0!3m2!1i1024!2i768!4f13.1!3m3!1m2!1s0x3be7c6306644edc1%3A0x5da4ed8f8d648c69!2sMumbai%2C%20Maharashtra!5e0!3m2!1sen!2sin!4v1641229292970!5m2!1sen!2sin"" width=""600"" height=""450"" style=""border:0;"" allowfullscreen="""" loading=""lazy""></iframe>"
27. Agra,"mausoleum , historial , palace",https://www.holidify.com/images/bgImages/AGRA.jpg,4.2,"Located on the banks of River Yamuna in Uttar Pradesh, Agra is a popular tourist destination as it is home to one of the 7 wonders of the world, the Taj Mahal. It is a sneak peek into the architectural history and legacy of the Mughal empire with two other UNESCO World Heritage ",October to March,352, Uttar Pradesh  India,"<iframe src=""https://www.google.com/maps/embed?pb=!1m18!1m12!1m3!1d227159.68113915448!2d77.83992741076895!3d27.176104919171127!2m3!1f0!2f0!3f0!3m2!1i1024!2i768!4f13.1!3m3!1m2!1s0x39740d857c2f41d9%3A0x784aef38a9523b42!2sAgra%2C%20Uttar%20Pradesh!5e0!3m2!1sen!2sin!4v1641229324752!5m2!1sen!2sin"" width=""600"" height=""450"" style=""border:0;"" allowfullscreen="""" loading=""lazy""></iframe>"
28. Kolkata,"zoo , palace , museum",https://www.holidify.com/images/bgImages/KOLKATA.jpg,4.3,"Kolkata, India's second biggest city, is a perpetually ongoing festival of human existence, concurrently luxurious and squalid, refined and frantic, pointedly futuristic, while beautifully in decay. A vibrant 350-year-old metropolis located on India's Eastern Coast, the capital of West Bengal thrive...",October to March,183, West Bengal  India,"<iframe src=""https://www.google.com/maps/embed?pb=!1m18!1m12!1m3!1d471220.5630409112!2d88.04953608529773!3d22.675752093263746!2m3!1f0!2f0!3f0!3m2!1i1024!2i768!4f13.1!3m3!1m2!1s0x39f882db4908f667%3A0x43e330e68f6c2cbc!2sKolkata%2C%20West%20Bengal!5e0!3m2!1sen!2sin!4v1641229359955!5m2!1sen!2sin"" width=""600"" height=""450"" style=""border:0;"" allowfullscreen="""" loading=""lazy""></iframe>"
29. Jodhpur,historical ,https://www.holidify.com/images/bgImages/JODHPUR.jpg,4.1,"The former capital of Marwar, Jodhpur, is one of the most enchanting cities of Rajasthan, with its mighty Mehrangarh fort overlooking the city. The city is called the Blue City as it looks completely blue from an aerial view because of its blue walls and blue house",November to February,86, Rajasthan  India,"<iframe src=""https://www.google.com/maps/embed?pb=!1m18!1m12!1m3!1d228974.98338660685!2d72.89045762709804!3d26.27029143147332!2m3!1f0!2f0!3f0!3m2!1i1024!2i768!4f13.1!3m3!1m2!1s0x39418c4eaa06ccb9%3A0x8114ea5b0ae1abb8!2sJodhpur%2C%20Rajasthan!5e0!3m2!1sen!2sin!4v1641229394176!5m2!1sen!2sin"" width=""600"" height=""450"" style=""border:0;"" allowfullscreen="""" loading=""lazy""></iframe>"
30. Bangalore,"historical , palace",https://www.holidify.com/images/bgImages/BANGALORE.jpg,4.1,"Having evolved gradually from being the Garden city to the Silicon Valley of India, Bangalore is India's third-largest city. Bangalore is loved for its pleasant weather, beautiful parks and the many lakes here. Bangalore is renowned for its eateries, street food corners, quirky cafes, coffee ro..",Throughout the year,286, Karnataka  India,"<iframe src=""https://www.google.com/maps/embed?pb=!1m18!1m12!1m3!1d497699.9973874144!2d77.35074421903857!3d12.95384772557775!2m3!1f0!2f0!3f0!3m2!1i1024!2i768!4f13.1!3m3!1m2!1s0x3bae1670c9b44e6d%3A0xf8dfc3e8517e4fe0!2sBengaluru%2C%20Karnataka!5e0!3m2!1sen!2sin!4v1641229425749!5m2!1sen!2sin"" width=""600"" height=""450"" style=""border:0;"" allowfullscreen="""" loading=""lazy""></iframe>"
31. Amritsar,"historical , temple",https://www.holidify.com/images/bgImages/AMRITSAR.jpg,4.4,"Home of the glorious Golden Temple, the iconic city of Amritsar, portrays the heroic character of Punjab.  The second-largest city of the Indian state of Punjab, Amritsar is colloquially known as Ambarsar. Apart from the Golden Temple, Amritsar is known for its lip-smacking street foo",October to March,212, Punjab  India,"<iframe src=""https://www.google.com/maps/embed?pb=!1m18!1m12!1m3!1d217408.89455436615!2d74.73003520947466!3d31.63346767705272!2m3!1f0!2f0!3f0!3m2!1i1024!2i768!4f13.1!3m3!1m2!1s0x391964aa569e7355%3A0xeea2605bee84ef7d!2sAmritsar%2C%20Punjab!5e0!3m2!1sen!2sin!4v1641229449706!5m2!1sen!2sin"" width=""600"" height=""450"" style=""border:0;"" allowfullscreen="""" loading=""lazy""></iframe>"
32. Delhi,park ,https://www.holidify.com/images/bgImages/DELHI.jpg,4.1,"The capital of India, Delhi is a cosmopolitan city with a historic old Delhi and the modern New Delhi. From historical monuments to crowded shopping malls, from an extensive network of the modern metro system to Delhi University campus, Dilli has multiple personalities and is considered to be the ci...",October to March,303, NCR  India,"<iframe src=""https://www.google.com/maps/embed?pb=!1m18!1m12!1m3!1d448183.73907005717!2d76.81307299667618!3d28.646677259922765!2m3!1f0!2f0!3f0!3m2!1i1024!2i768!4f13.1!3m3!1m2!1s0x390cfd5b347eb62d%3A0x37205b715389640!2sDelhi!5e0!3m2!1sen!2sin!4v1641229480127!5m2!1sen!2sin"" width=""600"" height=""450"" style=""border:0;"" allowfullscreen="""" loading=""lazy""></iframe>"
33. Jaisalmer,fort,https://www.holidify.com/images/bgImages/JAISALMER.jpg,4.4,"Jaisalmer is a prominent tourist spot located in the northwestern state of Rajasthan in India. It is known as the 'golden city' due to its golden dunes and castles clad in golden honey sandstone. Jaisalmer is adorned with lakes, ornate Jain temples and havelis. Climb onto the camel saddle and make y...",October to March,103, Rajasthan  India,"<iframe src=""https://www.google.com/maps/embed?pb=!1m18!1m12!1m3!1d113855.93302825281!2d70.82468989483606!3d26.90356152550636!2m3!1f0!2f0!3f0!3m2!1i1024!2i768!4f13.1!3m3!1m2!1s0x3947bc28aa1b396b%3A0xf5ef9bd660d66ee3!2sJaisalmer%2C%20Rajasthan%20345001!5e0!3m2!1sen!2sin!4v1641229516642!5m2!1sen!2sin"" width=""600"" height=""450"" style=""border:0;"" allowfullscreen="""" loading=""lazy""></iframe>"
34. Mount Abu,"hill station , temple",https://www.holidify.com/images/bgImages/MOUNT-ABU.jpg,4.4,"The only hill station of Rajasthan, Mount Abu is located in the Aravali range. The most important attraction, however, are undoubtedly the Dilwara temples, which is one of the most stunning pieces of architecture in the country.  Travellers can enjoy calm and relaxed boating in ",October to March,108, Rajasthan  India,"<iframe src=""https://www.google.com/maps/embed?pb=!1m18!1m12!1m3!1d58046.10427471625!2d72.68574705185334!3d24.593284900105996!2m3!1f0!2f0!3f0!3m2!1i1024!2i768!4f13.1!3m3!1m2!1s0x395d2a7b9c58c24f%3A0x41ec48d89a772ec9!2sMount%20Abu%2C%20Rajasthan%20307501!5e0!3m2!1sen!2sin!4v1641229543875!5m2!1sen!2sin"" width=""600"" height=""450"" style=""border:0;"" allowfullscreen="""" loading=""lazy""></iframe>"
35. Wayanad,zoo,https://www.holidify.com/images/bgImages/WAYANAD.jpg,4.3,"Replete with waterfalls, historical caves, comfortable resorts and homestays, Wayanad in Kerala is famous for its spice plantations and wildlife. Walking through the sprawling spice plantations, trekking to the pre-historic caves and experiencing a resort holiday are one of the many things you can d...",Throughout the year,288, Kerala  India,"<iframe src=""https://www.google.com/maps/embed?pb=!1m18!1m12!1m3!1d500060.35689806816!2d75.82898878494731!3d11.714124345774847!2m3!1f0!2f0!3f0!3m2!1i1024!2i768!4f13.1!3m3!1m2!1s0x3ba60cf91a9c5f0d%3A0x71dd4da2e1d3e46f!2sWayanad%2C%20Kerala!5e0!3m2!1sen!2sin!4v1641229572458!5m2!1sen!2sin"" width=""600"" height=""450"" style=""border:0;"" allowfullscreen="""" loading=""lazy""></iframe>"
36. Hyderabad,"historical , fort",https://www.holidify.com/images/bgImages/HYDERABAD.jpg,4.1,"A city of contrasts, Hyderabad exudes an old-world charm of its own with the Old City (Charminar side), Hitech City (Cyberabad) and the other areas lying between the old and the new. The capital and the largest city of Telanaga, Hyderabad is home to stately mosques and noisy bazaars lined .",September to March,220, Andhra Pradesh  India,"<iframe src=""https://www.google.com/maps/embed?pb=!1m18!1m12!1m3!1d487295.02532044525!2d78.12785129924684!3d17.41215307568293!2m3!1f0!2f0!3f0!3m2!1i1024!2i768!4f13.1!3m3!1m2!1s0x3bcb99daeaebd2c7%3A0xae93b78392bafbc2!2sHyderabad%2C%20Telangana!5e0!3m2!1sen!2sin!4v1641229611709!5m2!1sen!2sin"" width=""600"" height=""450"" style=""border:0;"" allowfullscreen="""" loading=""lazy""></iframe>"
37. Pondicherry,beach,https://www.holidify.com/images/bgImages/PONDICHERRY.jpg,4.1,"Pondicherry, officially known as Puducherry, and commonly referred to as just Pondy, is one of the seven Union Territories of India which is bounded by the southern state of Tamil Nadu. This former French colony is a perfect amalgamation of the traditional Indian sensibilities a",October to March,294, Union Territory  India,"<iframe src=""https://www.google.com/maps/embed?pb=!1m18!1m12!1m3!1d62456.81847266243!2d79.77850845341563!3d11.936293134404558!2m3!1f0!2f0!3f0!3m2!1i1024!2i768!4f13.1!3m3!1m2!1s0x3a5361ab8e49cfcf%3A0xcc6bd326d2f0b04e!2sPuducherry!5e0!3m2!1sen!2sin!4v1641229638631!5m2!1sen!2sin"" width=""600"" height=""450"" style=""border:0;"" allowfullscreen="""" loading=""lazy""></iframe>"
38. Khajuraho,temple,https://www.holidify.com/images/bgImages/KHAJURAHO.jpg,4.5,"Khajuraho, a UNESCO World Heritage Site located in Madhya Pradesh, is known around the world for its stunning temples adorned by erotic and sensuous carvings. A small town located in the Bundelkhand region, Khajuraho is a brilliant example of Indian architecture and its culture back in the medi..",July to March,56, Madhya Pradesh  India,"<iframe src=""https://www.google.com/maps/embed?pb=!1m18!1m12!1m3!1d57935.865859898164!2d79.87680615306317!3d24.829960321350676!2m3!1f0!2f0!3f0!3m2!1i1024!2i768!4f13.1!3m3!1m2!1s0x3982e5f63138c3c5%3A0xaa20ea639a4572c!2sKhajuraho%2C%20Madhya%20Pradesh%20471606!5e0!3m2!1sen!2sin!4v1641229678435!5m2!1sen!2sin"" width=""600"" height=""450"" style=""border:0;"" allowfullscreen="""" loading=""lazy""></iframe>"
39. Chennai,"beach , temple , park",https://www.holidify.com/images/bgImages/CHENNAI%20.jpg,3.9,"Formerly known as Madras, Chennai is the capital city of the state of Tamil Nadu, in the southern part of India. Located on the Coromandel coast of Bay of Bengal, Chennai is as dynamic as it is immersed in tradition. This 'capital of the south', is one among the four metropolitan siblings of In..",October to March,161, Tamil Nadu  India,"<iframe src=""https://www.google.com/maps/embed?pb=!1m18!1m12!1m3!1d248756.1167537794!2d80.06892521258872!3d13.047487786031711!2m3!1f0!2f0!3f0!3m2!1i1024!2i768!4f13.1!3m3!1m2!1s0x3a5265ea4f7d3361%3A0x6e61a70b6863d433!2sChennai%2C%20Tamil%20Nadu!5e0!3m2!1sen!2sin!4v1641229699563!5m2!1sen!2sin"" width=""600"" height=""450"" style=""border:0;"" allowfullscreen="""" loading=""lazy""></iframe>"
40. Vaishno Devi,temple,https://www.holidify.com/images/bgImages/VAISHNO-DEVI.jpg,4.4,"Vaishno Devi is a temple town that's home to the famous Vaishno Devi Mandir. Located in Trikuta hills, 13 kms from Katra (in the union territory of Jammu and Kashmir); this renowned shrine allures millions of devotees from all over the world.  Popularly known as Mata Rani, Vaishnavi and Tr.",Throughout the year,137, Jammu & Kashmir  India,"<iframe src=""https://www.google.com/maps/embed?pb=!1m18!1m12!1m3!1d6689.949676160459!2d74.94495462586617!3d33.03079337358424!2m3!1f0!2f0!3f0!3m2!1i1024!2i768!4f13.1!3m3!1m2!1s0x391e786b6985aaad%3A0xa04ab611af048191!2sVaishno%20Devi!5e0!3m2!1sen!2sin!4v1641229734590!5m2!1sen!2sin"" width=""600"" height=""450"" style=""border:0;"" allowfullscreen="""" loading=""lazy""></iframe>"
41. Ajanta and Ellora Caves,"cave , temple",https://www.holidify.com/images/bgImages/AJANTA-AND-ELLORA-CAVES.jpg,4.3,"Ajanta and Ellora caves, considered to be one of the finest examples of ancient rock-cut caves, are located near Aurangabad in Maharashtra, India. Ajanta and Ellora caves complex is adorned with beautiful sculptures, paintings, and frescoes and include Buddhist monasteries, Hindu and Jain temples. T...",June to March,146, Maharashtra  India,"<iframe src=""https://www.google.com/maps/embed?pb=!1m18!1m12!1m3!1d3748.5875770649645!2d75.17580881491612!3d20.025816986550122!2m3!1f0!2f0!3f0!3m2!1i1024!2i768!4f13.1!3m3!1m2!1s0x3bdb93bd138ae4bd%3A0x574c6482cf0b89cf!2sEllora%20caves!5e0!3m2!1sen!2sin!4v1641229799550!5m2!1sen!2sin"" width=""600"" height=""450"" style=""border:0;"" allowfullscreen="""" loading=""lazy""></iframe>"
42. Haridwar,temple,https://www.holidify.com/images/bgImages/HARIDWAR.jpg,4,"Haridwar, considered among the seven holiest cities in India, is an ancient city located on the banks of River Ganga in the Garhwal region of Uttarakhand. Dotted with temples, ashrams and narrow lanes across the city, Haridwar is a famous Hindu temple town where millions of devotees come to take a d...",Throughout the year,199, Uttarakhand  India,"<iframe src=""https://www.google.com/maps/embed?pb=!1m18!1m12!1m3!1d221243.77871268144!2d77.97584048314972!3d29.95257576712705!2m3!1f0!2f0!3f0!3m2!1i1024!2i768!4f13.1!3m3!1m2!1s0x3909470eb8ee57c9%3A0x4e449176a640f5f3!2sHaridwar%2C%20Uttarakhand!5e0!3m2!1sen!2sin!4v1641229820899!5m2!1sen!2sin"" width=""600"" height=""450"" style=""border:0;"" allowfullscreen="""" loading=""lazy""></iframe>"
43. Kanyakumari,historical ,https://www.holidify.com/images/bgImages/KANYAKUMARI.jpg,4.1,"Bordered by the three seas - Arabian, Indian and the Bay of Bengal, Kanyakumari is the southernmost tip of the Indian Peninsula. A small coastal town in the state of Tamil Nadu, Kanyakumari was earlier known as Cape Comori",October to February,166, Tamil Nadu  India,"<iframe src=""https://www.google.com/maps/embed?pb=!1m18!1m12!1m3!1d31601.182714760893!2d77.52836081884058!3d8.086401627392537!2m3!1f0!2f0!3f0!3m2!1i1024!2i768!4f13.1!3m3!1m2!1s0x3b04ed3d2a087861%3A0x1e790e896aeffaa0!2sKanyakumari%2C%20Tamil%20Nadu!5e0!3m2!1sen!2sin!4v1641229851927!5m2!1sen!2sin"" width=""600"" height=""450"" style=""border:0;"" allowfullscreen="""" loading=""lazy""></iframe>"
44. Pune,"temple , park , historical",https://www.holidify.com/images/bgImages/PUNE.jpg,4,"Pune is a bustling metropolis of Maharashtra, ranked number one in India in the ease of living. Often referred to as the Oxford of the East, it is a hub of diverse people and activities and is in rapidly growing into one of the top metropolitan cities in the country. Pune is a city that pe.",July to March,122, Maharashtra  India,"<iframe src=""https://www.google.com/maps/embed?pb=!1m18!1m12!1m3!1d242118.14199614953!2d73.72288117003453!3d18.524564859944654!2m3!1f0!2f0!3f0!3m2!1i1024!2i768!4f13.1!3m3!1m2!1s0x3bc2bf2e67461101%3A0x828d43bf9d9ee343!2sPune%2C%20Maharashtra!5e0!3m2!1sen!2sin!4v1641229875868!5m2!1sen!2sin"" width=""600"" height=""450"" style=""border:0;"" allowfullscreen="""" loading=""lazy""></iframe>"
45. Kochi,"island , fort",https://www.holidify.com/images/bgImages/KOCHI.jpg,4.2,"Situated on the southwest coast of India, Kochi or Cochin is a commercial port city with a trading history that dates back to at least 600 years. Called the Queen of the Arabian Sea, the city is Kerala's financial, commercial, and industrial capital.",July to April,195, Kerala  India,"<iframe src=""https://www.google.com/maps/embed?pb=!1m18!1m12!1m3!1d251482.70982208618!2d76.16084718613848!3d9.982342763354561!2m3!1f0!2f0!3f0!3m2!1i1024!2i768!4f13.1!3m3!1m2!1s0x3b080d514abec6bf%3A0xbd582caa5844192!2sKochi%2C%20Kerala!5e0!3m2!1sen!2sin!4v1641229914934!5m2!1sen!2sin"" width=""600"" height=""450"" style=""border:0;"" allowfullscreen="""" loading=""lazy""></iframe>"
46. Ahmedabad,lake,https://www.holidify.com/images/bgImages/AHMEDABAD.jpg,4.1,"A rapidly growing metropolis, an industrial hub, an educational hotspot, and a city with a magnificent past – Ahmedabad is one of the most important cities in Gujarat. Located on the banks of the Sabarmati River, Ahmedabad is the former capital of Gujarat, and its delicious food, colourful culture i.",October to March,114, Gujarat  India,"<iframe src=""https://www.google.com/maps/embed?pb=!1m18!1m12!1m3!1d470029.1604841957!2d72.29955005258641!3d23.019996818380896!2m3!1f0!2f0!3f0!3m2!1i1024!2i768!4f13.1!3m3!1m2!1s0x395e848aba5bd449%3A0x4fcedd11614f6516!2sAhmedabad%2C%20Gujarat!5e0!3m2!1sen!2sin!4v1641229941285!5m2!1sen!2sin"" width=""600"" height=""450"" style=""border:0;"" allowfullscreen="""" loading=""lazy""></iframe>"
47. Kanha National Park,park ,https://www.holidify.com/images/bgImages/KANHA-NATIONAL-PARK.jpg,3.7,"Located in a central region of Madhya Pradesh, Kanha National Park is the largest National Park in central India and has been ranked as one of the best parks in Asia. Among the 22 species of large mammals, the royal Bengal tigers are one of the major attractions. One of the best tiger reserves in In...",October to June,37, Madhya Pradesh  India,"<iframe src=""https://www.google.com/maps/embed?pb=!1m18!1m12!1m3!1d3690.5060520875586!2d80.60932431495529!3d22.334513185305923!2m3!1f0!2f0!3f0!3m2!1i1024!2i768!4f13.1!3m3!1m2!1s0x3a2a085bc4dd23f3%3A0x59131aabc7236a4c!2sKanha%20Tiger%20Reserve!5e0!3m2!1sen!2sin!4v1641229973683!5m2!1sen!2sin"" width=""600"" height=""450"" style=""border:0;"" allowfullscreen="""" loading=""lazy""></iframe>"
48. Mysore,"palace , historical",https://www.holidify.com/images/bgImages/MYSORE.jpg,4.2,"Famously known as The City of Palaces, it wouldn’t be wrong to say that Mysore, currently Mysuru, is one of the most important places in the country regarding ancient reigns. It is replete with the history of its dazzling royal heritage, intricate architecture, its famed silk sarees, yoga, and ",Throughout the year,396, Karnataka  India,"<iframe src=""https://www.google.com/maps/embed?pb=!1m18!1m12!1m3!1d124738.44715982598!2d76.5656492516725!3d12.310636832253756!2m3!1f0!2f0!3f0!3m2!1i1024!2i768!4f13.1!3m3!1m2!1s0x3baf70381d572ef9%3A0x2b89ece8c0f8396d!2sMysuru%2C%20Karnataka!5e0!3m2!1sen!2sin!4v1641230008644!5m2!1sen!2sin"" width=""600"" height=""450"" style=""border:0;"" allowfullscreen="""" loading=""lazy""></iframe>"
49. Chandigarh,"park , lake",https://www.holidify.com/images/bgImages/CHANDIGARH.jpg,4.2,"Chandigarh is a union territory that is the capital of both Punjab, as well as, Haryana. India's first planned city, Chandigarh is traditionally a Punjabi city at heart with a healthy dose of modernity; Chandigarh's food and gedi culture (a leisure drive or ride the city) is what the capit.",August to March,132, Union Territory  India,"<iframe src=""https://www.google.com/maps/embed?pb=!1m18!1m12!1m3!1d109741.02912911311!2d76.69348873658222!3d30.73506264436677!2m3!1f0!2f0!3f0!3m2!1i1024!2i768!4f13.1!3m3!1m2!1s0x390fed0be66ec96b%3A0xa5ff67f9527319fe!2sChandigarh!5e0!3m2!1sen!2sin!4v1641230046259!5m2!1sen!2sin"" width=""600"" height=""450"" style=""border:0;"" allowfullscreen="""" loading=""lazy""></iframe>"
50. Hampi,historical ,https://www.holidify.com/images/bgImages/HAMPI.jpg,4.5,"Hampi, the city of ruins, is a UNESCO World Heritage Site. Situated in the shadowed depth of hills and valleys in the state of Karnataka, this place is a historical delight for travellers. Surrounded by 500 ancient monuments, beautiful temples, bustling street markets, bastions, treasury building an...",October to March,209, Karnataka  India,"<iframe src=""https://www.google.com/maps/embed?pb=!1m18!1m12!1m3!1d15391.193422993676!2d76.45457992823955!3d15.333189679427196!2m3!1f0!2f0!3f0!3m2!1i1024!2i768!4f13.1!3m3!1m2!1s0x3bb77fd95d4be823%3A0x6e52e05076df36b8!2sHampi%2C%20Karnataka%20583239!5e0!3m2!1sen!2sin!4v1641230082033!5m2!1sen!2sin"" width=""600"" height=""450"" style=""border:0;"" allowfullscreen="""" loading=""lazy""></iframe>"
51. Gulmarg,hill station,https://www.holidify.com/images/bgImages/GULMARG.jpg,4.5,"Situated at an altitude of 2730 m above sea level, Gulmarg is a popular skiing destination located in Pir Panjal Range of Union territory of Jammu and Kashmir. Surrounded by snow-covered lofty Himalayas, meadows of flowers, deep ravines, evergreen forested valleys, Gulmarg also has the world's secon...",October to June,83, Jammu & Kashmir  India,"<iframe src=""https://www.google.com/maps/embed?pb=!1m18!1m12!1m3!1d26445.89072708651!2d74.35548861146226!3d34.05063380270269!2m3!1f0!2f0!3f0!3m2!1i1024!2i768!4f13.1!3m3!1m2!1s0x38e1af91308dd977%3A0x7a5cc65c8fb01df7!2sGulmarg%20193403!5e0!3m2!1sen!2sin!4v1641225710108!5m2!1sen!2sin"" width=""600"" height=""450"" style=""border:0;"" allowfullscreen="""" loading=""lazy""></iframe>"
52. Almora,temple,https://www.holidify.com/images/bgImages/ALMORA.jpg,3.9,"Set in the background of snow-capped Himalayan ranges of Uttarakhand, the sprawling town of Almora is a beautiful hill station. With easy accessibility from Delhi and other major cities of North India, Almora is known for its rich cultural heritage, unique handicrafts, sumptuous cuisine and magnific...",Throughout the year,56, Uttarakhand  India,"<iframe src=""https://www.google.com/maps/embed?pb=!1m18!1m12!1m3!1d27752.599323299284!2d79.63573995583498!3d29.60150839526699!2m3!1f0!2f0!3f0!3m2!1i1024!2i768!4f13.1!3m3!1m2!1s0x39a0b7328910d81f%3A0x9811d25dd87d8ed5!2sAlmora%2C%20Uttarakhand!5e0!3m2!1sen!2sin!4v1641225686110!5m2!1sen!2sin"" width=""600"" height=""450"" style=""border:0;"" allowfullscreen="""" loading=""lazy""></iframe>"
53. Shirdi,"hill station , waterfall",https://www.holidify.com/images/bgImages/SHIRDI.jpg,4.4,"Located at a distance of 122 Km from Nasik in the Ahmednagar district of Maharashtra, Shirdi is the home of Sai Baba. It is believed that Sai Baba arrived at Shirdi in 1858 and spent 60 years of his life here until he attained salvation in 1918. Sai Baba is popularly known as the 'child of God', as ...",July to March,116, Maharashtra  India,"<iframe src=""https://www.google.com/maps/embed?pb=!1m18!1m12!1m3!1d60077.9642196117!2d74.44142758478621!3d19.760559728105626!2m3!1f0!2f0!3f0!3m2!1i1024!2i768!4f13.1!3m3!1m2!1s0x3bdc5ba7461768af%3A0xd802d2c2943c99c!2sShirdi%2C%20Maharashtra!5e0!3m2!1sen!2sin!4v1641225662182!5m2!1sen!2sin"" width=""600"" height=""450"" style=""border:0;"" allowfullscreen="""" loading=""lazy""></iframe>"
54. Auli,"island , beach",https://www.holidify.com/images/bgImages/AULI.jpg,4.2,"Dotted with the apple orchards, old oaks, and pine trees there is no dearth of natural beauty in Auli. Apart from skiing you can also go for numerous treks in the hills of Garhwal Himalayas and enjoy the spellbinding views of the snow-draped mountains. Auli is a popular hill resort in the Himalayan ...",Throughout the year,117, Uttarakhand  India,"<iframe src=""https://www.google.com/maps/embed?pb=!1m18!1m12!1m3!1d15340324.885432117!2d71.91664115750945!3d20.16754209413927!2m3!1f0!2f0!3f0!3m2!1i1024!2i768!4f13.1!3m3!1m2!1s0x39a79d35b6da43d3%3A0x6593ef945b40b7fd!2sAuli!5e0!3m2!1sen!2sin!4v1641225634834!5m2!1sen!2sin"" width=""600"" height=""450"" style=""border:0;"" allowfullscreen="""" loading=""lazy""></iframe>"
55. Madurai,"island , beach",https://www.holidify.com/images/bgImages/MADURAI.jpg,4.1,"Madurai, the cultural capital of Tamil Nadu, is one of the oldest continuously inhabited cities of India. Ruled by Pandya kings for the longest time in its history, it is called as the 'Lotus City' as it was planned and built in the shape of a lotus. Madurai is known for Meenakshi Amm",October to March,110, Tamil Nadu  India,"<iframe src=""https://www.google.com/maps/embed?pb=!1m18!1m12!1m3!1d125766.19471597824!2d78.05261198635549!3d9.917829551224376!2m3!1f0!2f0!3f0!3m2!1i1024!2i768!4f13.1!3m3!1m2!1s0x3b00c582b1189633%3A0xdc955b7264f63933!2sMadurai%2C%20Tamil%20Nadu!5e0!3m2!1sen!2sin!4v1641225601582!5m2!1sen!2sin"" width=""600"" height=""450"" style=""border:0;"" allowfullscreen="""" loading=""lazy""></iframe>"
56. Amarnath,beach,https://www.holidify.com/images/bgImages/AMARNATH.jpg,4.6,"Amarnath, located in union territory of Jammu and Kashmir is one of the most important pilgrimage in India for the worshippers of Lord Shiva. The Amarnath cave has an enshrined Shivaling formed naturally with ice, which resembles Lord Shiva",May to September,41, Jammu & Kashmir  India,"<iframe src=""https://www.google.com/maps/embed?pb=!1m18!1m12!1m3!1d3299.286912883463!2d75.50192605126784!3d34.21569178046635!2m3!1f0!2f0!3f0!3m2!1i1024!2i768!4f13.1!3m3!1m2!1s0x38e24fca96056755%3A0xdfd15d625912515e!2sShri%20Amarnath%20Cave%20Temple!5e0!3m2!1sen!2sin!4v1641225578627!5m2!1sen!2sin"" width=""600"" height=""450"" style=""border:0;"" allowfullscreen="""" loading=""lazy""></iframe>"
57. Bodh Gaya,lake,https://www.holidify.com/images/bgImages/BODH-GAYA.jpg,4.4,"Bodh Gaya is a Buddhist pilgrimage site in Gaya District of Bihar. Famous for the Mahabodhi Temple, It was here under the Bodhi tree that Gautama Buddha attained enlightenment.",October to March,71, Bihar  India,"<iframe src=""https://www.google.com/maps/embed?pb=!1m18!1m12!1m3!1d28998.456901201145!2d84.96764355046716!3d24.699156579339384!2m3!1f0!2f0!3f0!3m2!1i1024!2i768!4f13.1!3m3!1m2!1s0x39f32c5fbc12ed3d%3A0x9bbc5dccc57d96e!2sBodh%20Gaya%2C%20Bihar!5e0!3m2!1sen!2sin!4v1641225551975!5m2!1sen!2sin"" width=""600"" height=""450"" style=""border:0;"" allowfullscreen="""" loading=""lazy""></iframe>"
58. Mahabaleshwar,"waterfall , park",https://www.holidify.com/images/bgImages/MAHABALESHWAR.jpg,4.4,"Mahabaleshwar is a hill station located in the Western Ghats, in Satara district of Maharashtra. Apart from its strawberries, Mahabaleshwar is also well known for its numerous rivers, magnificent cascades and majestic peaks. It is among the most sought after weekend getaways from Pune & Mum..",October to June,146, Maharashtra  India,"<iframe src=""https://www.google.com/maps/embed?pb=!1m18!1m12!1m3!1d60738.17279517819!2d73.61367642902856!3d17.925818950593463!2m3!1f0!2f0!3f0!3m2!1i1024!2i768!4f13.1!3m3!1m2!1s0x3bc2655313cba1bb%3A0xca8196c7aa20a0a8!2sMahabaleshwar%2C%20Maharashtra%20412806!5e0!3m2!1sen!2sin!4v1641225527598!5m2!1sen!2sin"" width=""600"" height=""450"" style=""border:0;"" allowfullscreen="""" loading=""lazy""></iframe>"
59. Visakhapatnam,temple,https://www.holidify.com/images/bgImages/VISAKHAPATNAM.jpg,4.4,"Visakhapatnam, also commonly known as Vizag, is one of the oldest port cities in the country. Situated in the heart of Andhra Pradesh, Visakhapatnam is known for its picturesque beaches and serene landscape, as well as a rich cultural past. The port of Visakhapatnam is renowned for being home to the...",September to March,95, Andhra Pradesh  India,"<iframe src=""https://www.google.com/maps/embed?pb=!1m18!1m12!1m3!1d486416.7495565226!2d82.98171924377405!3d17.738472422263666!2m3!1f0!2f0!3f0!3m2!1i1024!2i768!4f13.1!3m3!1m2!1s0x3a39431389e6973f%3A0x92d9c20395498468!2sVisakhapatnam%2C%20Andhra%20Pradesh!5e0!3m2!1sen!2sin!4v1641225499350!5m2!1sen!2sin"" width=""600"" height=""450"" style=""border:0;"" allowfullscreen="""" loading=""lazy""></iframe>"
60. Kasol,hill station,https://www.holidify.com/images/bgImages/KASOL.jpg,4.4,"Kasol is a quaint little village in Himachal situated along the banks of the river Parvati. Commonly known as the 'Amsterdam of India', Kasol is a tourist attraction that is rapidly gaining fame as a popular hub for trekkers, backpackers, and nature lovers. Kasol is situated 23 kms from Bhuntar and ...",October to June,148, Himachal Pradesh  India,"<iframe src=""https://www.google.com/maps/embed?pb=!1m18!1m12!1m3!1d6766.387941798624!2d77.30991659884043!3d32.009859024472654!2m3!1f0!2f0!3f0!3m2!1i1024!2i768!4f13.1!3m3!1m2!1s0x39045c4474aa31e9%3A0xf112d2e32b47949d!2sKasol%2C%20Himachal%20Pradesh%20175105!5e0!3m2!1sen!2sin!4v1641225475613!5m2!1sen!2sin"" width=""600"" height=""450"" style=""border:0;"" allowfullscreen="""" loading=""lazy""></iframe>"
61. Nashik,beach,https://www.holidify.com/images/bgImages/NASIK.jpg,4,"Nasik is a religious Hindu city, host to the Kumbh Mela every 12 years. It also makes for a perfect wine tasting destination.",July to March,64, Maharashtra  India,"<iframe src=""https://www.google.com/maps/embed?pb=!1m18!1m12!1m3!1d239962.83738065354!2d73.6630535685978!3d19.99090776281671!2m3!1f0!2f0!3f0!3m2!1i1024!2i768!4f13.1!3m3!1m2!1s0x3bddd290b09914b3%3A0xcb07845d9d28215c!2sNashik%2C%20Maharashtra!5e0!3m2!1sen!2sin!4v1641225449147!5m2!1sen!2sin"" width=""600"" height=""450"" style=""border:0;"" allowfullscreen="""" loading=""lazy""></iframe>"
62. Tirupati,hill station,https://www.holidify.com/images/bgImages/TIRUPATI.jpg,4.5,"Situated in the Chittoor district of Andhra Pradesh, Tirupati is known for Lord Venkateshwara Temple, one of the most visited pilgrimage centres in the country. Tirumala is one of the seven hills in Tirupati, where the main temple is located. The temple is believed to be placed where Lord Venkateshw...",September to March,202, Andhra Pradesh  India,"<iframe src=""https://www.google.com/maps/embed?pb=!1m18!1m12!1m3!1d248159.69369939712!2d79.28437326313163!3d13.627613045477945!2m3!1f0!2f0!3f0!3m2!1i1024!2i768!4f13.1!3m3!1m2!1s0x3a4d4b0f88620427%3A0xcf4152d1daca0cac!2sTirupati%2C%20Andhra%20Pradesh!5e0!3m2!1sen!2sin!4v1641225375180!5m2!1sen!2sin"" width=""600"" height=""450"" style=""border:0;"" allowfullscreen="""" loading=""lazy""></iframe>"
63. Ujjain,temple,https://www.holidify.com/images/bgImages/UJJAIN.jpg,4.3,"Ujjain, considered to be one of the holiest cities of India, is an ancient city situated on the eastern bank of the Shipra River in the Malwa region of Madhya Pradesh. Ujjain is one of the four sites for the Kumbh Mela, the largest peace-time gathering on the planet that attracts 100 million people ...",October to March,68, Madhya Pradesh  India,"<iframe src=""https://www.google.com/maps/embed?pb=!1m18!1m12!1m3!1d58688.52839013521!2d75.76211519689875!3d23.168994759949815!2m3!1f0!2f0!3f0!3m2!1i1024!2i768!4f13.1!3m3!1m2!1s0x39637469de00ff23%3A0x7f82abdf7899d412!2sUjjain%2C%20Madhya%20Pradesh!5e0!3m2!1sen!2sin!4v1641225334696!5m2!1sen!2sin"" width=""600"" height=""450"" style=""border:0;"" allowfullscreen="""" loading=""lazy""></iframe>"
64. Jim Corbett National Park,beach,https://www.holidify.com/images/bgImages/CORBETT-NATIONAL-PARK.jpg,4,"Jim Corbett National Park is the oldest national park set amidst the foothills of the Himalayas in the Nainital district of Uttarakhand. Known for housing the endangered Bengal tiger, Corbett National Park is part of the larger Corbett Tiger Reserve.",Mid October to Mid June,70, Uttarakhand  India,"<iframe src=""https://www.google.com/maps/embed?pb=!1m18!1m12!1m3!1d3471.531447562284!2d78.77246625117597!3d29.530013781984444!2m3!1f0!2f0!3f0!3m2!1i1024!2i768!4f13.1!3m3!1m2!1s0x390a24ffffffffff%3A0x3017b72d3d253fd7!2sJim%20Corbett%20National%20Park!5e0!3m2!1sen!2sin!4v1641225240977!5m2!1sen!2sin"" width=""600"" height=""450"" style=""border:0;"" allowfullscreen="""" loading=""lazy""></iframe>"
65. Gwalior,hill station,https://www.holidify.com/images/bgImages/GWALIOR.jpg,3.7,"Gwalior is a historic city located in the state of Madhya Pradesh. Popular because of the hilltop fort, Gwalior is full of palaces and glorious temples giving this city a majestic charm which speaks volumes of its glorious past.",July to March,70, Madhya Pradesh  India,"<iframe src=""https://www.google.com/maps/embed?pb=!1m18!1m12!1m3!1d114542.81864027902!2d78.12068748646085!3d26.214138801640487!2m3!1f0!2f0!3f0!3m2!1i1024!2i768!4f13.1!3m3!1m2!1s0x3976c5d1792291fb%3A0xff4fb56d65bc3adf!2sGwalior%2C%20Madhya%20Pradesh!5e0!3m2!1sen!2sin!4v1641224887059!5m2!1sen!2sin"" width=""600"" height=""450"" style=""border:0;"" allowfullscreen="""" loading=""lazy""></iframe>"
66. Mathura,lake,https://www.holidify.com/images/bgImages/MATHURA.jpg,4.2,"One of Hinduism's seven sacred cities, Mathura is the birthplace of the very beloved Lord Krishna. Located in the state of Uttar Pradesh, Mathura and Vrindavan are often considered twin cities (located only 10km away from each other). Mathura is a small town dotted with temples from various ages and...",October to March,103, Uttar Pradesh  India,"<iframe src=""https://www.google.com/maps/embed?pb=!1m18!1m12!1m3!1d56637.37326702472!2d77.64904936476846!3d27.474369947965922!2m3!1f0!2f0!3f0!3m2!1i1024!2i768!4f13.1!3m3!1m2!1s0x397371163d4d5205%3A0x4273a09defe10ea5!2sMathura%2C%20Uttar%20Pradesh!5e0!3m2!1sen!2sin!4v1641224861636!5m2!1sen!2sin"" width=""600"" height=""450"" style=""border:0;"" allowfullscreen="""" loading=""lazy""></iframe>"
67. Jog Falls,hill station,https://www.holidify.com/images/bgImages/JOG-FALLS.jpg,4.3,"The second-highest plunge waterfall in India, Jog Falls is a major tourist attraction in Karnataka and is the highest waterfall in the state. Second, to the Nohkalikai Falls of Meghalaya, Jog falls drops about a huge 253 m (850 ft. ) in a single fall. However, due to the constru",July to December,88, Karnataka  India,"<iframe src=""https://www.google.com/maps/embed?pb=!1m18!1m12!1m3!1d3867.4074291567986!2d74.81032885096478!3d14.229438889990773!2m3!1f0!2f0!3f0!3m2!1i1024!2i768!4f13.1!3m3!1m2!1s0x3bbc0dbba4914849%3A0xb1a1dc2d7dfe13fb!2sJog%20Falls!5e0!3m2!1sen!2sin!4v1641224835416!5m2!1sen!2sin"" width=""600"" height=""450"" style=""border:0;"" allowfullscreen="""" loading=""lazy""></iframe>"
68. Alibaug,hill station,https://www.holidify.com/images/bgImages/ALIBAG.jpg,3.9,"Alibaug (also spelled as Alibag) is a small coastal town in the Konkan region of Maharashtra, known for its beaches, villas, and beautiful scenery. Alibag is very popular as a weekend getaway from the cities of Mumbai and Pune",November to March,129, Maharashtra  India,"<iframe src=""https://www.google.com/maps/embed?pb=!1m18!1m12!1m3!1d30241.045283218184!2d72.86371869511095!3d18.658131835067422!2m3!1f0!2f0!3f0!3m2!1i1024!2i768!4f13.1!3m3!1m2!1s0x3be87a3b9826f96b%3A0xa9634e5680f68b81!2sAlibag%2C%20Maharashtra!5e0!3m2!1sen!2sin!4v1641224803149!5m2!1sen!2sin"" width=""600"" height=""450"" style=""border:0;"" allowfullscreen="""" loading=""lazy""></iframe>"
69. Rameshwaram,"historical , fort",https://www.holidify.com/images/bgImages/RAMESWARAM.jpg,4.1,"Rameshwaram is located on a beautiful island in the South Indian state of Tamil Nadu. It is separated by a small Pamban channel from Sri Lanka. According to Hindu mythology, this is the place where Lord Rama created a bridge across the sea to Sri Lanka.",Throughout the year,111, Tamil Nadu  India,"<iframe src=""https://www.google.com/maps/embed?pb=!1m18!1m12!1m3!1d15750.097492704976!2d79.3028568785037!3d9.286718442954344!2m3!1f0!2f0!3f0!3m2!1i1024!2i768!4f13.1!3m3!1m2!1s0x3b01e3c4e61cf2b3%3A0xd667f9b98bbd63a1!2sRameswaram%2C%20Tamil%20Nadu%20623526!5e0!3m2!1sen!2sin!4v1641224780546!5m2!1sen!2sin"" width=""600"" height=""450"" style=""border:0;"" allowfullscreen="""" loading=""lazy""></iframe>"
70. Vrindavan,hill station,https://www.holidify.com/images/bgImages/VRINDAVAN.jpg,4.2,"One of the oldest cities on the banks of Yamuna, Vrindavan is considered to be one of the most important places of pilgrimage for the devotees of Krishna. It is said that Lord Krishna had spent his childhood in Vrindavan. The name of the city has been derived from Vrinda (meaning basil) and van (mea...",October to March,117, Uttar Pradesh  India,"<iframe src=""https://www.google.com/maps/embed?pb=!1m18!1m12!1m3!1d28295.4061291718!2d77.64181840349659!3d27.564814247074846!2m3!1f0!2f0!3f0!3m2!1i1024!2i768!4f13.1!3m3!1m2!1s0x39736fcb5e9a2309%3A0x9868374c5faaf3ce!2sVrindavan%2C%20Uttar%20Pradesh!5e0!3m2!1sen!2sin!4v1641224753421!5m2!1sen!2sin"" width=""600"" height=""450"" style=""border:0;"" allowfullscreen="""" loading=""lazy""></iframe>"
71. Coimbatore,hill station,https://www.holidify.com/images/bgImages/COIMBATORE.jpg,4,"Often termed as 'Manchester of South India', Coimbatore, the second-largest city in Tamil Nadu, photographically situated on the banks of River Noyyal. Coimbatore, also known as Kovai, is a welcoming area with the backdrop of hustle-bustle and charm of activity and industry. From ancient temple..",September to March,106, Tamil Nadu  India,"<iframe src=""https://www.google.com/maps/embed?pb=!1m18!1m12!1m3!1d125323.47390226815!2d76.89702334426438!3d11.011701534147324!2m3!1f0!2f0!3f0!3m2!1i1024!2i768!4f13.1!3m3!1m2!1s0x3ba859af2f971cb5%3A0x2fc1c81e183ed282!2sCoimbatore%2C%20Tamil%20Nadu!5e0!3m2!1sen!2sin!4v1641224724368!5m2!1sen!2sin"" width=""600"" height=""450"" style=""border:0;"" allowfullscreen="""" loading=""lazy""></iframe>"
72. Lucknow,hill station,https://www.holidify.com/images/bgImages/LUCKNOW.jpg,4.2,"The capital and the largest city of Uttar Pradesh, Lucknow, situated on the banks of river Gomti, welcomes you with a heartwarming note of""Muskuraiyein, kyunki aap Lucknow mein hai"". A city of kebabs and nawabs, of architecture and history, of literature and culture – that is Lucknow in a nuts.",October to March,94, Uttar Pradesh  India,"<iframe src=""https://www.google.com/maps/embed?pb=!1m18!1m12!1m3!1d113911.22317649712!2d80.8723012976975!3d26.848674665347847!2m3!1f0!2f0!3f0!3m2!1i1024!2i768!4f13.1!3m3!1m2!1s0x399bfd991f32b16b%3A0x93ccba8909978be7!2sLucknow%2C%20Uttar%20Pradesh!5e0!3m2!1sen!2sin!4v1641224670993!5m2!1sen!2sin"" width=""600"" height=""450"" style=""border:0;"" allowfullscreen="""" loading=""lazy""></iframe>"
73. Digha,mountains,https://www.holidify.com/images/bgImages/DIGHA.jpg,4.1,"Beach town situated on the shores of Bay of Bengal, Digha is a popular tourist destination known for its untouched beaches and scenic views, especially among people in West Bengal.",July to March,160, West Bengal  India,"<iframe src=""https://www.google.com/maps/embed?pb=!1m18!1m12!1m3!1d14836.147113734001!2d87.50207918046291!3d21.623490469742077!2m3!1f0!2f0!3f0!3m2!1i1024!2i768!4f13.1!3m3!1m2!1s0x3a1ccd46c454a84d%3A0xd166b9687aa01c59!2sDigha%2C%20West%20Bengal!5e0!3m2!1sen!2sin!4v1641224639985!5m2!1sen!2sin"" width=""600"" height=""450"" style=""border:0;"" allowfullscreen="""" loading=""lazy""></iframe>"
74. Dharamshala,"hill station , waterfall",https://www.holidify.com/images/bgImages/DHARAMSALA.jpg,4.1,"Dharamshala or Dharamsala city is located in Kangra district at 18 km from Kangra city in Himachal Pradesh. The state's winter capital, Dharamshala, is separated as upper and lower divisions with different altitudes. The lower division is the Dharamsala town itself, whereas the upper division is loc...",October to June,112, Himachal Pradesh  India,"<iframe src=""https://www.google.com/maps/embed?pb=!1m18!1m12!1m3!1d13502.13704054324!2d76.31038903332137!3d32.21677824683455!2m3!1f0!2f0!3f0!3m2!1i1024!2i768!4f13.1!3m3!1m2!1s0x391b50df65bd7311%3A0x3e08bdb100c6dc10!2sDharamshala%2C%20Himachal%20Pradesh!5e0!3m2!1sen!2sin!4v1641223337249!5m2!1sen!2sin"" width=""600"" height=""450"" style=""border:0;"" allowfullscreen="""" loading=""lazy""></iframe>"
75. Kovalam,temple,https://www.holidify.com/images/bgImages/KOVALAM.jpg,4.2,"Famous for its esorts and ayurvedic massage centre, Kovalam is a coastal town located around 13 km from Thiruvananthapuram in Kerala. The largest beach in Kovalam is the lighthouse beach that features a 30-metre tall lighthouse. The other two adjacent beaches are Samudra beach and Hawa bea.",September to March,181, Kerala  India,"<iframe src=""https://www.google.com/maps/embed?pb=!1m18!1m12!1m3!1d31576.09226335341!2d76.96227093935336!3d8.400525411431238!2m3!1f0!2f0!3f0!3m2!1i1024!2i768!4f13.1!3m3!1m2!1s0x3b05a5090a19ec65%3A0xb67f315bc0b762ac!2sKovalam%2C%20Kerala!5e0!3m2!1sen!2sin!4v1641223310998!5m2!1sen!2sin"" width=""600"" height=""450"" style=""border:0;"" allowfullscreen="""" loading=""lazy""></iframe>"
76. Kaziranga National Park,"beach , temple",https://www.holidify.com/images/bgImages/KAZIRANGA-NATIONAL-PARK.jpg,3.7,"Home to the largest population of the one-horned rhino on earth, Kaziranga National Park is one of India’s national treasures in terms of flora and fauna. Located in the state of Assam in North-Eastern India, its total area is shared by the districts of Nagaon, Golaghat and Karbi Anglong placing it .",October to June,64, Assam  India,"<iframe src=""https://www.google.com/maps/embed?pb=!1m18!1m12!1m3!1d456695.45619214064!2d92.90600618450159!3d26.586517123066244!2m3!1f0!2f0!3f0!3m2!1i1024!2i768!4f13.1!3m3!1m2!1s0x3744412d379f65df%3A0x8b2b74b6e7c99458!2sKaziranga%20National%20Park!5e0!3m2!1sen!2sin!4v1641223284578!5m2!1sen!2sin"" width=""600"" height=""450"" style=""border:0;"" allowfullscreen="""" loading=""lazy""></iframe>"
77. Madikeri,"mausoleum , historial , palace",https://www.holidify.com/images/bgImages/MADIKERI.jpg,4.4,"Generally covered as a part of trips to Coorg, Madikeri is a hill town in Karnataka with vast coffee plantations, lush forests and misty hills, all culminating into a breathtaking view. Located in Kodagu District around 6 hours from Bengaluru, Madikeri is a perfect weekend getaway. There is no ..",February to September,94, Karnataka  India,"<iframe src=""https://www.google.com/maps/embed?pb=!1m18!1m12!1m3!1d31170.195372764618!2d75.71731739110415!3d12.431427484792707!2m3!1f0!2f0!3f0!3m2!1i1024!2i768!4f13.1!3m3!1m2!1s0x3ba50075627a7fff%3A0xaf8a66ea4651c1a6!2sMadikeri%2C%20Karnataka%20571201!5e0!3m2!1sen!2sin!4v1641223253960!5m2!1sen!2sin"" width=""600"" height=""450"" style=""border:0;"" allowfullscreen="""" loading=""lazy""></iframe>"
78. Matheran,"zoo , palace , museum",https://www.holidify.com/images/bgImages/MATHERAN.jpg,4.3,"Nestled amidst the Sahyadri range on the Western Ghats, Matheran is a cosy little hill station that stands at an elevation of 2600 feet above sea level, and is just 100 kilometres away from Mumbai, making it the perfect weekend getaway. With its name literally translating to “overhead forest”, Math",Throughout the year,211, Maharashtra  India,"<iframe src=""https://www.google.com/maps/embed?pb=!1m18!1m12!1m3!1d30181.355241216675!2d73.2553534953683!3d18.9902022727298!2m3!1f0!2f0!3f0!3m2!1i1024!2i768!4f13.1!3m3!1m2!1s0x3be7e5566af9569b%3A0x56bade96248a07e6!2sMatheran%2C%20Maharashtra!5e0!3m2!1sen!2sin!4v1641223228146!5m2!1sen!2sin"" width=""600"" height=""450"" style=""border:0;"" allowfullscreen="""" loading=""lazy""></iframe>"
79. Ranthambore,kkkkkk120;,https://www.holidify.com/images/bgImages/RANTHAMBORE.jpg,4.3,"This is one of the best tiger reserves of the country, known to have ""friendly"" tigers and chances of sighting one here is reasonably better than many other tiger reserves of India. Along with this Ranthambore has one of the richest flora and fauna making it an absolutely must visit area",October to Apr,49, Rajasthan  India,"<iframe src=""https://www.google.com/maps/embed?pb=!1m18!1m12!1m3!1d229551.28193101808!2d76.28510077584416!3d25.97660608096056!2m3!1f0!2f0!3f0!3m2!1i1024!2i768!4f13.1!3m3!1m2!1s0x3971d8f668d65517%3A0x6eb9f78b60bac925!2sRanthambore%20National%20Park!5e0!3m2!1sen!2sin!4v1641223202212!5m2!1sen!2sin"" width=""600"" height=""450"" style=""border:0;"" allowfullscreen="""" loading=""lazy""></iframe>"
80. Agartala,"historical , palace",https://www.holidify.com/images/bgImages/AGARTALA.jpg,3.8,"Home to the Manikya Kings in the past, Agartala is the perfect mix of natural beauty combined with diverse and rich culture.",Throughout the year,30, Tripura  India,"<iframe src=""https://www.google.com/maps/embed?pb=!1m18!1m12!1m3!1d116770.75378805156!2d91.22413664680326!3d23.851077740220365!2m3!1f0!2f0!3f0!3m2!1i1024!2i768!4f13.1!3m3!1m2!1s0x3753f40dc94123a7%3A0xd0a1263c6c40c8c7!2sAgartala%2C%20Tripura!5e0!3m2!1sen!2sin!4v1641223160538!5m2!1sen!2sin"" width=""600"" height=""450"" style=""border:0;"" allowfullscreen="""" loading=""lazy""></iframe>"
81. Khandala,"historical , temple",https://www.holidify.com/images/bgImages/KHANDALA.jpg,3.8,"Khandala is a popular hill station in Maharashtra, perched on the foothills of Sahyadri in the Western Ghats. Khandala provides for a perfect weekend respite for the Mumbai population, with its scenic valleys, grassy hills, serene lakes and misty waterfalls.",Throughout the year,90, Maharashtra  India,"<iframe src=""https://www.google.com/maps/embed?pb=!1m18!1m12!1m3!1d30221.13820327325!2d73.36423899519677!3d18.76950913091706!2m3!1f0!2f0!3f0!3m2!1i1024!2i768!4f13.1!3m3!1m2!1s0x3be8012af5c2dcbd%3A0x4e9a732d604a9bd9!2sKhandala%2C%20Lonavla%2C%20Maharashtra!5e0!3m2!1sen!2sin!4v1641223135322!5m2!1sen!2sin"" width=""600"" height=""450"" style=""border:0;"" allowfullscreen="""" loading=""lazy""></iframe>"
82. Kalimpong,park ,https://www.holidify.com/images/bgImages/KALIMPONG.jpg,4.1,"Kalimpong is a virgin hill station in West Bengal renowned for its panoramic valley views, Buddhists monasteries and churches and Tibetan handicrafts etc.","March to June, September to December",75, West Bengal  India,"<iframe src=""https://www.google.com/maps/embed?pb=!1m18!1m12!1m3!1d56847.870490209396!2d88.44214036293523!3d27.062003442872616!2m3!1f0!2f0!3f0!3m2!1i1024!2i768!4f13.1!3m3!1m2!1s0x39e421ff94ad4ae1%3A0x1afb5b8db2de1c2f!2sKalimpong%2C%20West%20Bengal!5e0!3m2!1sen!2sin!4v1641223107818!5m2!1sen!2sin"" width=""600"" height=""450"" style=""border:0;"" allowfullscreen="""" loading=""lazy""></iframe>"
83. Thanjavur,fort,https://www.holidify.com/images/bgImages/THANJEVUR.jpg,4.4,"Also known as Tanjore or the city of temples, Thanjavur has a lot of cultural value and is known for its famous Tanjore paintings, antiques and handicrafts, textiles and saris , its Carnatic music and musical instruments and of course the temples.",October to March,51, Tamil Nadu  India,"<iframe src=""https://www.google.com/maps/embed?pb=!1m18!1m12!1m3!1d62716.19183576376!2d79.09634411176995!3d10.75281792872873!2m3!1f0!2f0!3f0!3m2!1i1024!2i768!4f13.1!3m3!1m2!1s0x3baab89cea453039%3A0xe113da9b1f632be6!2sThanjavur%2C%20Tamil%20Nadu!5e0!3m2!1sen!2sin!4v1641223081424!5m2!1sen!2sin"" width=""600"" height=""450"" style=""border:0;"" allowfullscreen="""" loading=""lazy""></iframe>"
84. Bhubaneswar,"hill station , temple",https://www.holidify.com/images/bgImages/BHUBANESWAR.jpg,4.2,"Bhubaneswar, the temple city of India, once known for its architecture and grand temples, is presently a thriving centre for commerce and business.",October to March,87, Orissa  India,"<iframe src=""https://www.google.com/maps/embed?pb=!1m18!1m12!1m3!1d119743.53380213732!2d85.75024159383715!3d20.30087015153116!2m3!1f0!2f0!3f0!3m2!1i1024!2i768!4f13.1!3m3!1m2!1s0x3a1909d2d5170aa5%3A0xfc580e2b68b33fa8!2sBhubaneswar%2C%20Odisha!5e0!3m2!1sen!2sin!4v1641223042984!5m2!1sen!2sin"" width=""600"" height=""450"" style=""border:0;"" allowfullscreen="""" loading=""lazy""></iframe>"
85. Ajmer,zoo,https://www.holidify.com/images/bgImages/AJMER.jpg,3.8,"Surrounded by Aravali ranges, the city of Ajmer is most famous for the Ajmer Sharif Dargah of saint Muin-ud-din Chishti. Located at a distance of 130 km from Jaipur and 14 kms from Pushkar in Rajasthan, the city is firmly bound by its traditions and culture. Ajmer has a unique charm which .",October to March,120, Rajasthan  India,"<iframe src=""https://www.google.com/maps/embed?pb=!1m18!1m12!1m3!1d114306.4846110285!2d74.56550224066575!3d26.453226042778414!2m3!1f0!2f0!3f0!3m2!1i1024!2i768!4f13.1!3m3!1m2!1s0x396be6d8fcb7cd01%3A0xcbaf8f12eb8100ee!2sAjmer%2C%20Rajasthan!5e0!3m2!1sen!2sin!4v1641222994195!5m2!1sen!2sin"" width=""600"" height=""450"" style=""border:0;"" allowfullscreen="""" loading=""lazy""></iframe>"
86. Aurangabad,"historical , fort",https://www.holidify.com/images/bgImages/AURANGABAD.jpg,3.7,"Aurangabad, which was declared by the Government as the Tourism Capital of Maharashtra back in 2010, is a famous tourist hub which greets its visitors with a richly woven tapestry of sights and sounds. The city got its name for being the erstwhile capital of Mughal Emperor Aurangzeb in the 17th cent...",October to March,69, Maharashtra  India,"<iframe src=""https://www.google.com/maps/embed?pb=!1m18!1m12!1m3!1d240146.45630749158!2d75.16477416176458!3d19.870041241468506!2m3!1f0!2f0!3f0!3m2!1i1024!2i768!4f13.1!3m3!1m2!1s0x3bdb9815a369bc63%3A0x712d538b29a2a73e!2sAurangabad%2C%20Maharashtra!5e0!3m2!1sen!2sin!4v1641222945373!5m2!1sen!2sin"" width=""600"" height=""450"" style=""border:0;"" allowfullscreen="""" loading=""lazy""></iframe>"
87. Jammu,beach,https://www.holidify.com/images/bgImages/JAMMU.jpg,4.1,"Jammu is the southernmost-part of the union territory of Jammu and Kashmir which sits proudly on the magnificent Shivalik mountain ranges. The Winter Capital of Kashmir, Jammu is a holy and peaceful city known for its majestic temples, religious shrines, glittering ""shikhars"", and cultural heritage....",September to March,63, Jammu & Kashmir  India,"<iframe src=""https://www.google.com/maps/embed?pb=!1m18!1m12!1m3!1d214843.25937345056!2d74.71953764927976!3d32.71459594840214!2m3!1f0!2f0!3f0!3m2!1i1024!2i768!4f13.1!3m3!1m2!1s0x391e84bf169d3525%3A0xf233488eeb8fd8d!2sJammu!5e0!3m2!1sen!2sin!4v1641222893218!5m2!1sen!2sin"" width=""600"" height=""450"" style=""border:0;"" allowfullscreen="""" loading=""lazy""></iframe>"
88. Dehradun,temple,https://www.holidify.com/images/bgImages/DEHRADUN.jpg,3.9,"Dehradun is the capital city and the largest city of Uttarakhand. Dehradun is located at an altitude of 1400 feet above sea level and has a pleasant climate all year round. Located just 30kms from Mussoorie, Dehradun is known as the gateway to Mussoorie and Rishikesh and Haridwar. Dehradun is also k...",Throughout the year,84, Uttarakhand  India,"<iframe src=""https://www.google.com/maps/embed?pb=!1m18!1m12!1m3!1d110204.74647492303!2d77.94692326358687!3d30.32540970116701!2m3!1f0!2f0!3f0!3m2!1i1024!2i768!4f13.1!3m3!1m2!1s0x390929c356c888af%3A0x4c3562c032518799!2sDehradun%2C%20Uttarakhand!5e0!3m2!1sen!2sin!4v1641222824383!5m2!1sen!2sin"" width=""600"" height=""450"" style=""border:0;"" allowfullscreen="""" loading=""lazy""></iframe>"
89. Puri,"beach , temple , park",https://www.holidify.com/images/bgImages/PURI.jpg,4.3,Puri in Odisha is one of the four must-visit pilgrimage sites for Hindus because of Jagannath Temple that forms the part of Char Dham in India. Puri is a beach city located on the coast of Bay of Bengal which is one of the favourites among people of West Bengal for a short trip.,July to March,191, Orissa  India,"<iframe src=""https://www.google.com/maps/embed?pb=!1m18!1m12!1m3!1d60059.762690161966!2d85.7864946849449!3d19.80882292112242!2m3!1f0!2f0!3f0!3m2!1i1024!2i768!4f13.1!3m3!1m2!1s0x3a19c4180256e495%3A0x496a9d8b30c1fad7!2sPuri%2C%20Odisha!5e0!3m2!1sen!2sin!4v1641222788553!5m2!1sen!2sin"" width=""600"" height=""450"" style=""border:0;"" allowfullscreen="""" loading=""lazy""></iframe>"
90. Cherrapunji,temple,https://www.holidify.com/images/bgImages/CHERRAPUNJEE.jpg,4.5,"Earlier the wettest place on the Earth, Cherrapunji in Meghalaya, also known as Sohra, is known for its double-decker living root bridge. Located around 50 Kms from Shillong, this sub-divisional town is famous for its rich flora and natural attractions. Although Mawsynram is now the wettest pla..",September to May,78, Meghalaya  India,"<iframe src=""https://www.google.com/maps/embed?pb=!1m18!1m12!1m3!1d28864.08974579217!2d91.71473590104621!3d25.270208062104317!2m3!1f0!2f0!3f0!3m2!1i1024!2i768!4f13.1!3m3!1m2!1s0x37508cd1f80d5647%3A0x1db9015577abfe88!2sCherrapunji%E2%80%8E%2C%20Meghalaya%20793108!5e0!3m2!1sen!2sin!4v1641222761460!5m2!1sen!2sin"" width=""600"" height=""450"" style=""border:0;"" allowfullscreen="""" loading=""lazy""></iframe>"
91. Bikaner,"cave , temple",https://www.holidify.com/images/bgImages/BIKANER.jpg,4.3,"Located in the midst of Thar Desert, Bikaner is a ""cultural paradise and a traveller's haven"". Bikaner with its magnificence in architecture, art and culture is filled with colour, festivity and cultural marvels.The city will mesmerize you with the camels sauntering the beautiful sand dunes, it..",October to March,48, Rajasthan  India,"<iframe src=""https://www.google.com/maps/embed?pb=!1m18!1m12!1m3!1d112707.23051956405!2d73.24932911911043!3d28.021390108721082!2m3!1f0!2f0!3f0!3m2!1i1024!2i768!4f13.1!3m3!1m2!1s0x393fdd7bd90bbb89%3A0x4ce3121a7664816b!2sBikaner%2C%20Rajasthan!5e0!3m2!1sen!2sin!4v1641222720380!5m2!1sen!2sin"" width=""600"" height=""450"" style=""border:0;"" allowfullscreen="""" loading=""lazy""></iframe>"
92. Shimoga (Shivamogga),temple,https://www.holidify.com/images/bgImages/SHIMOGA.jpg,4.3,"With nature in its full bloom, the town of Shimoga has been home to several great dynasties and kingdoms. Packed with several marvels of nature in the form of picturesque landscape, gorgeous waterfalls, mystical temples and lush green surroundings, its raw beauty will leave you absolutely enchanted....",July to December,45, Karnataka  India,"<iframe src=""https://www.google.com/maps/embed?pb=!1m18!1m12!1m3!1d123918.18095203061!2d75.49450336936054!3d13.932198896751792!2m3!1f0!2f0!3f0!3m2!1i1024!2i768!4f13.1!3m3!1m2!1s0x3bbba8d0ec620495%3A0x5589d733c2761a17!2sShivamogga%2C%20Karnataka!5e0!3m2!1sen!2sin!4v1641222610463!5m2!1sen!2sin"" width=""600"" height=""450"" style=""border:0;"" allowfullscreen="""" loading=""lazy""></iframe>"
93. Hogenakkal,historical ,https://www.holidify.com/images/bgImages/HOGENAKKAL.jpg,4,"Hogenakkal is a waterfall located in Dharmapuri district of Tamil Nadu where the Kaveri river splits into multiple streams of waterfalls. Located at a distance of 180 km from Bangalore, Hogenakkal has water throughout the year. The carbonite rocks, the coracle (basket boat) rides, freshwater fish, o...",October to March,111, Tamil Nadu  India,"<iframe src=""https://www.google.com/maps/embed?pb=!1m18!1m12!1m3!1d7801.80744383707!2d77.77349349773402!3d12.118739665509079!2m3!1f0!2f0!3f0!3m2!1i1024!2i768!4f13.1!3m3!1m2!1s0x3baea2e79f110f11%3A0xf9fcc8ca3dc277df!2sHogenakkal%2C%20Tamil%20Nadu%20636810!5e0!3m2!1sen!2sin!4v1641222545661!5m2!1sen!2sin"" width=""600"" height=""450"" style=""border:0;"" allowfullscreen="""" loading=""lazy""></iframe>"
94. Gir National Park,"temple , park , historical",https://www.holidify.com/images/bgImages/GIR-NATIONAL-PARK.jpg,4.2,"Gir National Park and Wildlife Sanctuary is the only remaining home for the Asiatic Lions. Located in Talala Gir in Gujarat, the Sanctuary is a part of Kathiawar- Gir dry deciduous forests ecoregion. Gir National Park is closed from 16 June to 15 October every year and the best time for wildlife spo...",July to March,57, Gujarat  India,"<iframe src=""https://www.google.com/maps/embed?pb=!1m18!1m12!1m3!1d59543.82731506974!2d70.78427563944334!3d21.132921083401797!2m3!1f0!2f0!3f0!3m2!1i1024!2i768!4f13.1!3m3!1m2!1s0x3be2bfc278812b53%3A0x3408d6d983464baf!2sGir%20National%20Park!5e0!3m2!1sen!2sin!4v1641222488113!5m2!1sen!2sin"" width=""600"" height=""450"" style=""border:0;"" allowfullscreen="""" loading=""lazy""></iframe>"
95. Kasauli,"island , fort",https://www.holidify.com/images/bgImages/KASAULI.jpg,4,"Located on the road from Chandigarh to Shimla, Kasauli is a hilly cantonment town that makes for an ideal peaceful holiday location, especially for a weekend getaway.",Throughout the year,96, Himachal Pradesh  India,"<iframe src=""https://www.google.com/maps/embed?pb=!1m18!1m12!1m3!1d27388.302008692!2d76.9503020074041!3d30.89958976527618!2m3!1f0!2f0!3f0!3m2!1i1024!2i768!4f13.1!3m3!1m2!1s0x390f88e0ddfe0b27%3A0x2cf1b6ec9befd181!2sKasauli%2C%20Himachal%20Pradesh!5e0!3m2!1sen!2sin!4v1641222428780!5m2!1sen!2sin"" width=""600"" height=""450"" style=""border:0;"" allowfullscreen="""" loading=""lazy""></iframe>"
96. Pushkar,lake,https://www.holidify.com/images/bgImages/PUSHKAR.jpg,3.8,"Pushka is a small temple town located around 15 km from Ajmer in Rajasthan. A perfect choice for a weekend getaway from Jaipur, Pushkar has an array of cafes and hostels for a backpacking trip. Every November, Pushkar is host to the Pushkar Mela, one of the biggest camel fairs in the country.",October to March,90, Rajasthan  India,"<iframe src=""https://www.google.com/maps/embed?pb=!1m18!1m12!1m3!1d14284.160874375872!2d74.53759118164585!3d26.486649881695318!2m3!1f0!2f0!3f0!3m2!1i1024!2i768!4f13.1!3m3!1m2!1s0x396bdd22e5572a2f%3A0xb8733d912fcdf2ea!2sPushkar%2C%20Rajasthan!5e0!3m2!1sen!2sin!4v1641222151466!5m2!1sen!2sin"" width=""600"" height=""450"" style=""border:0;"" allowfullscreen="""" loading=""lazy""></iframe>"
97. Chittorgarh,park ,https://www.holidify.com/images/bgImages/CHITTORGARH.jpg,4.1,"Located in South-Eastern Rajasthan, Chittorgarh is known for Chittorgarh Fort, the largest fort in India built on a hilltop, spreading over an area of around 700 acres. The capital of the erstwhile kingdom of Mewar, the magnificent fortress will always be remembered for the courageous self-sacr..",October to March,51, Rajasthan  India,"<iframe src=""https://www.google.com/maps/embed?pb=!1m18!1m12!1m3!1d57900.785895671055!2d74.5864889537632!3d24.904832842280555!2m3!1f0!2f0!3f0!3m2!1i1024!2i768!4f13.1!3m3!1m2!1s0x3968a0424d11a8d9%3A0x79f097c869345f8d!2sChittorgarh%2C%20Rajasthan!5e0!3m2!1sen!2sin!4v1641222116782!5m2!1sen!2sin"" width=""600"" height=""450"" style=""border:0;"" allowfullscreen="""" loading=""lazy""></iframe>"
98. Nahan,"palace , historical",https://www.holidify.com/images/bgImages/NAHAN.jpg,3.9,"Away from the buzzing crowd of the city, Nahan is a perfect romantic getaway. Lying among the lofty Shivalik range overlooking lush green fields, dirt free roads and clean streets, this small hill station serves as an ideal holiday destination.",April to September,45, Himachal Pradesh  India,"<iframe src=""https://www.google.com/maps/embed?pb=!1m18!1m12!1m3!1d13742.479411419848!2d77.28456968280645!3d30.560042705724126!2m3!1f0!2f0!3f0!3m2!1i1024!2i768!4f13.1!3m3!1m2!1s0x390f0c0853d80c9b%3A0xdaf447e96e7ae7c3!2sNahan%2C%20Himachal%20Pradesh%20173001!5e0!3m2!1sen!2sin!4v1641222084417!5m2!1sen!2sin"" width=""600"" height=""450"" style=""border:0;"" allowfullscreen="""" loading=""lazy""></iframe>"
99. Lavasa,"park , lake",https://www.holidify.com/images/bgImages/LAVASA.jpg,3.9,"Known as India's newest hill station, the Lavasa Corporation is constructing this private city. The city is a beautiful project, stylistically based on the Italian town Portofino. Spreading across 7 hills, covering an area of 25000 acres, Lavasa is a perfect blend of beauty and infrastructure.",Throughout the year,75, Maharashtra  India,"<iframe src=""https://www.google.com/maps/embed?pb=!1m18!1m12!1m3!1d15142.605134112015!2d73.49507097980606!3d18.408715398603054!2m3!1f0!2f0!3f0!3m2!1i1024!2i768!4f13.1!3m3!1m2!1s0x3bc29fab4f3879ef%3A0x3ec0a2792791b9bd!2sLavasa%2C%20Maharashtra%20412112!5e0!3m2!1sen!2sin!4v1641222053056!5m2!1sen!2sin"" width=""600"" height=""450"" style=""border:0;"" allowfullscreen="""" loading=""lazy""></iframe>"
100. Poovar,historical ,https://www.holidify.com/images/bgImages/POOVAR.jpg,4.3,"Poovar is a small rustic town situated 27 kms from Thiruvananthapuram with unspoilt, unexplored golden sand beaches and beautiful backwaters of Kerala.",August to March,54, Kerala  India,"<iframe src=""https://www.google.com/maps/embed?pb=!1m18!1m12!1m3!1d15791.210634934278!2d77.05980442715571!3d8.322398954206266!2m3!1f0!2f0!3f0!3m2!1i1024!2i768!4f13.1!3m3!1m2!1s0x3b05a9082e4ea791%3A0x55e7ec79196c3a0e!2sPoovar%2C%20Kerala%20695525!5e0!3m2!1sen!2sin!4v1641222007661!5m2!1sen!2sin"" width=""600"" height=""450"" style=""border:0;"" allowfullscreen="""" loading=""lazy""></iframe>"
